Image,Gender
men_image_0.jpg,Man
men_image_1.jpg,Man
men_image_10.jpg,Man
men_image_11.jpg,Man
men_image_12.jpg,Man
men_image_13.jpg,Man
men_image_14.jpg,Man
men_image_15.jpg,Man
men_image_16.jpg,Man
men_image_17.jpg,Man
men_image_18.jpg,Man
men_image_19.jpg,Man
men_image_2.jpg,Man
men_image_20.jpg,Man
men_image_21.jpg,Man
men_image_22.jpg,Man
men_image_23.jpg,Man
men_image_24.jpg,Man
men_image_25.jpg,Man
men_image_26.jpg,Man
men_image_27.jpg,Man
men_image_28.jpg,Man
men_image_29.jpg,Man
men_image_3.jpg,Man
men_image_30.jpg,Man
men_image_31.jpg,Man
men_image_32.jpg,Man
men_image_33.jpg,Man
men_image_34.jpg,Man
men_image_35.jpg,Man
men_image_36.jpg,Man
men_image_37.jpg,Man
men_image_38.jpg,Man
men_image_39.jpg,Man
men_image_4.jpg,Man
men_image_40.jpg,Man
men_image_41.jpg,Man
men_image_42.jpg,Man
men_image_43.jpg,Man
men_image_44.jpg,Man
men_image_45.jpg,Man
men_image_46.jpg,Man
men_image_47.jpg,Man
men_image_48.jpg,Man
men_image_49.jpg,Man
men_image_5.jpg,Man
men_image_6.jpg,Man
men_image_7.jpg,Man
men_image_8.jpg,Man
men_image_9.jpg,Man
women_image_0.jpg,Man
women_image_1.jpg,Woman
women_image_10.jpg,Man
women_image_11.jpg,Man
women_image_12.jpg,Man
women_image_13.jpg,Woman
women_image_14.jpg,Man
women_image_15.jpg,Man
women_image_16.jpg,Man
women_image_17.jpg,Woman
women_image_18.jpg,Woman
women_image_19.jpg,Man
women_image_2.jpg,Woman
women_image_20.jpg,Man
women_image_21.jpg,Man
women_image_22.jpg,Man
women_image_23.jpg,Man
women_image_24.jpg,Man
women_image_25.jpg,Woman
women_image_26.jpg,Woman
women_image_27.jpg,Man
women_image_28.jpg,Woman
women_image_29.jpg,Man
women_image_3.jpg,Man
women_image_30.jpg,Woman
women_image_31.jpg,Woman
women_image_32.jpg,Man
women_image_33.jpg,Man
women_image_34.jpg,Woman
women_image_35.jpg,Man
women_image_36.jpg,Woman
women_image_37.jpg,Woman
women_image_38.jpg,Man
women_image_39.jpg,Woman
women_image_4.jpg,Woman
women_image_40.jpg,Woman
women_image_41.jpg,Woman
women_image_42.jpg,Man
women_image_43.jpg,Woman
women_image_44.jpg,Man
women_image_45.jpg,Woman
women_image_46.jpg,Man
women_image_47.jpg,Woman
women_image_48.jpg,Woman
women_image_49.jpg,Woman
women_image_5.jpg,Woman
women_image_6.jpg,Woman
women_image_7.jpg,Woman
women_image_8.jpg,Man
women_image_9.jpg,Man
